{
  "camera_matrix": [
    [
      240.9612228129858,
      0.0,
      329.95899042001264
    ],
    [
      0.0,
      241.03080939358435,
      236.19485315107022
    ],
    [
      0.0,
      0.0,
      1.0
    ]
  ],
  "dist_coeffs": [
    -0.04549468564091855,
    -0.0002054332007902221,
    -0.0001619211846828567,
    -0.0009054492822679683
  ],
  "calibration_error": 0.2579983295095428
}